Gender,StreetAddress,City,EmailAddress,Username,Password,Birthday
male,"Avenida Maria Dias 1388",Bebedouro,RyanFernandesCorreia@einrot.com,Thmill65,Okiez0kai7T,12/17/1965
male,"Rua Itaquera 943","São Bernardo do Campo",RafaelFerreiraCunha@rhyta.com,Inse1939,ohx6ieC7su,3/31/1939
male,"Rua das Flores 413",Queimados,ViniciusRibeiroFernandes@rhyta.com,Sampeatent,Quae7Ahchoo7z,7/27/1966
female,"Rua Nelson Penedo de Barros 1356",Limeira,BeatriceFernandesSousa@superrito.com,Paided,Fashah3u,1/23/1964
male,"Rua Nhambiquara 90","Várzea Grande",RyanPintoRodrigues@jourrapide.com,Becruily41,Oa1Ohthef,6/8/1941
female,"Rua João Inocêncio de Paula 1899",Curitiba,MarianaOliveiraPinto@einrot.com,Fideend,yor3faiTo4nae,11/10/2000
male,"Rua Marechal Deodoro 1721",Cascavel,ThiagoSantosRibeiro@teleworm.us,Meeppreave,Iefapheet3,2/6/1990
female,"Rua José Leite de Souza 46",Itu,BiancaFerreiraDias@jourrapide.com,Squairron,Uloph0eeSh,8/16/2003
female,"Travessa Onze 1668","São João da Boa Vista",JulietaPereiraRibeiro@gustr.com,Nithe1977,Weevii8w,11/16/1977
female,"Rua Ravenala 86","Rio de Janeiro",FernandaSousaCavalcanti@einrot.com,Sibithely,pahDah3ee,2/2/1956
male,"Quadra Quadra B Conjunto 04 1231",Gama,KauaSouzaCorreia@fleckens.hu,Scou1941,ohfah7xeeSh,4/9/1941
male,"Rua Sagres 417","São Bernardo do Campo",MuriloCorreiaSousa@teleworm.us,Fibine,ieph7PhahW,3/9/1962
male,"Rua Miguel Vaiano 42",Sorocaba,NicolashCorreiaCardoso@dayrep.com,Hoods1950,rahG1iesee,8/17/1950
female,"Rua Tupiniquim 844",Paranaguá,SophiaRodriguesPinto@superrito.com,Aggame,Dah3ja1p,5/23/1947
female,"Estrada dos Bandeirantes 174","Rio de Janeiro",VitoriaBarrosPinto@gustr.com,Anclow,cohToh7ae,8/26/1965
male,"Rodovia Washington Luiz 1589","Duque de Caxias",FelipeAzevedoFerreira@gustr.com,Hicip2000,jaeSh7Qu,8/1/2000
female,"Rua 89D 1596",Goiânia,AliceBarrosGomes@jourrapide.com,Wasuacts,Eihiegh7,11/26/1985
female,"Rua Vinte e Cinco de Agosto 397",Joinville,GabrielaCavalcantiMelo@superrito.com,Spose1956,eeQuoh7oo,8/23/1956
male,"Rua Lepidolita 380","São Paulo",MatheusRibeiroCorreia@jourrapide.com,Houst2003,thei2Aeree,12/9/2003
female,"Rua Floraí 150","Rio de Janeiro",ThaisFerreiraRocha@cuvox.de,Cheirt53,Aazein5Z,2/22/1953
male,"Rua Palmares 1176",Blumenau,AntonioMeloCunha@jourrapide.com,Gres1961,coo8ieNg,3/28/1961
female,"Rua Agrigento 530","São Paulo",LaraGomesPinto@rhyta.com,Worning,Uejichie5,10/18/1971
female,"Rua Santos Dumont 552","São Carlos",EmillyDiasSilva@fleckens.hu,Texprolven,ziemie2Coo,8/22/1977
male,"Avenida Senador Atílio Fontana 1381",Chapecó,MiguelCorreiaLima@teleworm.us,Wellink,ach7AhHaeph,5/31/1977
male,"Quadra SHIN QL 16 Conjunto 01 299","Lago Norte",LucasAlvesRibeiro@fleckens.hu,Tolden,ho9Ut4eu8,1/25/1964
male,"Quadra QNP 36 Conjunto A 37",Ceilândia,DaniloSousaRodrigues@superrito.com,Narstrabest,eiche0Eeph,2/22/2002
female,"Travessa Esperança 1572","Barra Mansa",EduardaRodriguesMartins@gustr.com,Accar1986,vai9jov3Oh,7/7/1986
female,"Rua Copenhague 1",Embu,MarianaRochaMelo@fleckens.hu,Huse1998,Aec4ooNadu,7/25/1998
male,"Avenida Felippo Sturba 730","São Paulo",LeonardoCunhaRibeiro@superrito.com,Evence,Jae2Aeghohv,8/15/1980
male,"Rua Tomé de Souza 1060","Belo Horizonte",SamuelCostaCorreia@einrot.com,Quodges64,eiCh1oayie,5/29/1964
male,"Rua Victorino Barreto Filho 1105",Campinas,EduardoFerreiraRodrigues@superrito.com,Inving,oSh3Aet6,2/6/1990
male,"Rua Antônio Pereira Galindo 1600","Presidente Prudente",AlexSantosCardoso@dayrep.com,Sculd1946,axaiSh8ve,1/31/1946
male,"Rua Guadalupe 65","Rio de Janeiro",IgorFernandesRocha@jourrapide.com,Thicate,eiQueiG5oo,7/26/1944
male,"Rua Waldemar João Domingos 588",Joinville,CauaSousaCavalcanti@superrito.com,Mutect,Bi7phie1eib,4/7/1971
male,"Vila Marieta 545",Salvador,RenanCostaRibeiro@rhyta.com,Tweir1993,xae7Se7ou,11/20/1993
female,"Rua Arlindo Godoy Vianna 1526",Apucarana,AnaCorreiaSouza@dayrep.com,Egary1946,Ooquai7chae,7/28/1946
female,"Rua Antônio Sotero de Almeida 1710","Várzea Grande",LaraBarrosCastro@superrito.com,Workly,Aig0shei8Ohg,8/11/1938
male,"Rua Água Rasa 502","São Paulo",CauaRodriguesSilva@rhyta.com,Splifir,iePheel5ie,11/8/1939
female,"Rua Lorenzo Bernini 619","São Paulo",CarlaCostaCastro@teleworm.us,Blema1974,uodeiGh9eow,8/1/1974
female,"Rua Joaquim Fernandes Diniz 1205","São José do Rio Preto",BiancaRibeiroRodrigues@rhyta.com,Pervou,wid7Iloh8iec,8/31/1983
male,"Rua Jorge Barbosa 1339","Santa Luzia",PedroBarrosGomes@gustr.com,Haventrus68,AeYeighi6Ah,6/29/1968
female,"Rua Joviano Barbosa 1996",Taubaté,AnnaAzevedoAraujo@armyspy.com,Leguiry,wah4Aewohsh,5/21/1988
male,"Rua João Vicente Daniel 778",Tupã,MarcosFerreiraMartins@dayrep.com,Arehouria,ooQuaeshi6ei,11/3/1938
male,"Rua Xiquinho Zimermann 1996",Curitiba,FelipeRibeiroLima@jourrapide.com,Morelesucity,GaiNah7Ch,4/25/1945
male,"Rua Sinharinha Frota 1889",Matão,NicolasAraujoCarvalho@teleworm.us,Alores,ahMaihee1ei,10/19/2000
male,"Rua Rio Tite 801",Pindamonhangaba,LuisDiasCarvalho@einrot.com,Betre1979,ChoJah4ei,1/18/1979
male,"Rua Camaragibe 1955",Catanduva,EnzoCunhaCastro@fleckens.hu,Egrapinglies,Eeng2Maej,8/15/1969
male,"Rua Coronel Pache Faria 918","Campos dos Goytacazes",LuisPintoBarbosa@fleckens.hu,Nowed1971,aiTeawu7,9/21/1971
female,"Rua Dezesseis de Dezembro 1898",Betim,CarlaRochaBarros@dayrep.com,Carre1958,ooT2cee8,11/5/1958
female,"Avenida Antônio Borges 345",Mesquita,EmillyPintoRodrigues@fleckens.hu,Diumen,daic5Jee,9/16/1982
female,"Rua Embira 159",Atibaia,AlineFernandesRocha@cuvox.de,Coweressel70,weeN8aek,5/26/1970
female,"Rua Nestor Guermandi 761","Presidente Prudente",AnaFernandesCastro@fleckens.hu,Dide1958,he0eiFoaph,4/29/1958
male,"Avenida das Dálias 1787",Goiânia,RenanBarbosaGomes@dayrep.com,Lefordled,ahchook1aDiqu,5/1/1938
male,"Rua W 1791","Sete Lagoas",JulioCarvalhoRibeiro@fleckens.hu,Schis1974,hie3Jie6e,9/4/1974
male,"Avenida Uruguai 1715","Porto Velho",KauanPintoMelo@gustr.com,Washound,moR0ierete,2/2/1940
female,"Rua Rubens Andrade Gomes 495","São João Del Rei",MelissaGoncalvesOliveira@teleworm.us,Rusequithe,Kee7Dai6,4/25/1944
female,"Beco José Fonseca de Andrade 311",Divinópolis,VitoriaAlmeidaCunha@dayrep.com,Hoempot,Hee9pheez3,12/2/1957
male,"Rua José Coelho Fortes 1516","São Gonçalo",JoaoCostaCarvalho@armyspy.com,Theated,ooVofiw2,2/26/1941
female,"Rua Maravilha 1615",Catanduva,BrendaSouzaGomes@jourrapide.com,Quinansen77,johs7aeV,11/13/1977
female,"Rua Francisco Miroslau de Macedo 944",Castro,LaraFerreiraRodrigues@jourrapide.com,Worterincur,Aeso9ea0r,12/14/1949
female,"Rua Bernardo Leal de Barros 690",Caruaru,AliceCostaSantos@gustr.com,Alind1985,haiBaaC9ju6,12/24/1985
female,"Rua Eugênio Frediani 645",Taubaté,VitoriaGoncalvesAlmeida@cuvox.de,Theireses72,raiyaiC1Yee,12/12/1972
male,"Rua Nitemar Borda 1256","São Paulo",LuisCunhaBarros@dayrep.com,Befave,gohz2Gas3h,6/4/1944
male,"Rua Itaporã 776",Goiânia,VictorDiasFernandes@gustr.com,Thoubt,IBen7Thoe,3/13/1960
female,"Rua Cantareira 1391",Fortaleza,FernandaCostaAlmeida@fleckens.hu,Anch2003,aehie5Meenah,8/13/2003
female,"Rua José Dorotéia Dutra 519","Campina Grande",IsabelleCastroMartins@teleworm.us,Witund,kosooHui9noo,11/10/1992
male,"Avenida José Paulo Amorim 1071","Patos de Minas",DiegoPereiraGomes@gustr.com,Hicharach,Pi8Aizooch,5/20/1964
male,"Rua Carlos César Bruning 1358",Curitiba,ArthurOliveiraFernandes@jourrapide.com,Hileed,pheiLai8,12/30/1999
female,"Rua Ênio de Abreu Camargo 1896",Atibaia,RebecaSantosMelo@cuvox.de,Faince,cohnuS1voo,6/6/1960
female,"Rua Paulino Longo 224",Jandira,RaissaBarbosaCosta@einrot.com,Ouldou,ciem6aige2Ie,11/7/1997
male,"Avenida Três 820",Contagem,RafaelBarrosGoncalves@rhyta.com,Noult1940,eeziegh2Wooch,3/19/1940
female,"Rua José Espínola Guedes 1149","João Pessoa",ThaisFerreiraGoncalves@teleworm.us,Careter,eengahbeR5o,8/10/1957
female,"Rua José Theodósio de Araújo 263","Juiz de Fora",LiviaCardosoFernandes@superrito.com,Werom1970,maogh1Yohv,7/28/1970
female,"Rua Leopoldo Couto de Magalhães Júnior 129","São Paulo",BiancaPereiraGoncalves@rhyta.com,Drabland1970,haer1paM,11/2/1970
male,"Rua Calimério Borges 1114",Araguari,AndreRochaCorreia@cuvox.de,Haverse,Thanah2ei,10/4/1980
male,"Rua Central-4 762",Maracanaú,PedroCunhaCardoso@einrot.com,Tiese1978,UoGesh2Koh4,5/12/1978
male,"Rua Taina Pires Brilhante 549",Fortaleza,VitorGoncalvesCosta@dayrep.com,Wolleationg,ec8BohZoo,2/6/1945
male,"Quadra QNL 07 Bloco E 1170",Taguatinga,MuriloMartinsAlmeida@rhyta.com,Ponly1938,Ooxait4WohL,7/28/1938
female,"Rua Professor Álvaro Costa 1604","Sete Lagoas",IsabellaPereiraGoncalves@armyspy.com,Wisideeple,haqu3wi2aNg,3/30/1986
female,"Rua Estefano José Vanolli 978",Itajaí,GabrielleMartinsAlves@armyspy.com,Allust84,ighieHai9K,3/22/1984
male,"Praça Gabriel Jorge 651",Campinas,RodrigoAzevedoRibeiro@dayrep.com,Pentagess,feec9Rie0,7/12/1957
male,"Rua Miguel Faria da Rocha 606",Pelotas,JulianCunhaRodrigues@armyspy.com,Montwely94,ooNgohN3ah,7/9/1994
female,"Rua Sinhá Reis 372","Nova Iguaçu",SofiaCardosoBarbosa@dayrep.com,Benty1976,ahthoh7Aex2,12/28/1976
male,"Rua Menino Jesus 226",Manaus,IgorSantosCavalcanti@teleworm.us,Decien1956,thoo5Ui9d,9/18/1956
male,"Rua Onze 1650",Piracicaba,BrunoGoncalvesSousa@teleworm.us,Difended,xieshe6iNg,5/1/1946
female,"Rua B 252","Governador Valadares",AlineMeloSantos@superrito.com,Tirs2001,Xae4maiqu,6/20/2001
male,"Rodovia SP-340 509",Mogi-Guaçu,DiogoDiasOliveira@teleworm.us,Takelp,zie9eeWeo,2/11/1976
male,"Rua Matias Camargo 234","São Gonçalo",RodrigoMartinsDias@armyspy.com,Heireass1961,aeci3uv7D,11/7/1961
male,"Rua Jaçanã 17",Americana,LeonardoMeloPinto@cuvox.de,Bective48,quah5ohYos8,1/6/1948
male,"Rua Açailândia 399","São Paulo",NicolasRodriguesAraujo@teleworm.us,Eving1987,aa9Jisa6Aed1,11/12/1987
male,"Rua do Expedicionário 1330","Caxias do Sul",ThiagoAzevedoPereira@gustr.com,Prinel,iemiph6Unei,7/27/1998
male,"Rua Admar Ferreira Caldas 454","Campo Mourão",KaueAzevedoCarvalho@gustr.com,Hisked,fuoToo4kau9,7/14/1970
female,"Praça São José 572","Belo Horizonte",MarianaFernandesPinto@rhyta.com,Rejure1984,ooxor4iePaih,10/10/1984
male,"Rua I 1736",Uberaba,LucasPereiraCosta@jourrapide.com,Aboul1974,Mai5AeTu0Aa,7/22/1974
female,"Praça da Paz 304","Ribeirão Preto",JulietaPereiraBarbosa@armyspy.com,Andso1972,AithaX4o,8/8/1972
male,"Quadra Quadra 110 Conjunto 05 1655","Recanto das Emas",ErickCarvalhoPereira@superrito.com,Equen1947,EiphahG3,5/11/1947
female,"Rua Carcino 387","São Paulo",BeatrizSouzaAzevedo@cuvox.de,Ofigaill,nuh2Ielai,1/26/1955
female,"Rua Emílio de Menezes 1409",Curitiba,RaissaCavalcantiAraujo@cuvox.de,Unded1950,qua0AzuPhoh,4/10/1950
female,"Rua Maria Pureza dos Santos 163",Aracaju,EmillyCardosoAlves@gustr.com,Thel1991,ohW7queiquai,11/11/1991
male,"Rua Vinte e Sete 1667","Ponta Grossa",VictorOliveiraCavalcanti@rhyta.com,Ustrave,ye5Kef6O,7/1/1988
male,"Beco D 1445","Porto Alegre",DouglasRodriguesAraujo@cuvox.de,Himay1979,goh9Doob,6/8/1979
female,"Rua Canadá 20",Itu,CarlaSousaSilva@armyspy.com,Reyer1942,eeJoo5eic,11/14/1942
female,"Rua José Benedito Marcos 47",Cruzeiro,EmillyDiasBarbosa@armyspy.com,Witepheres,eep3Aiw0,3/26/1999
male,"Rua José Luiz Marcondes 167",Pindamonhangaba,ViniciusPereiraAraujo@rhyta.com,Secled,Och4ieme,2/21/1981
female,"Travessa Barão do Triunfo 858",Belém,TaniaCorreiaRocha@dayrep.com,Afrand,feodae8Doh,12/31/1937
female,"Travessa São Martin 1047",Salvador,BeatriceBarrosMartins@armyspy.com,Cluch1945,Thiegho8,6/17/1945
female,"Avenida do Pirarucu 1077","Vila Velha",BrendaCorreiaFernandes@jourrapide.com,Entes1946,Ro6BieZ8Hu,1/7/1946
female,"Rua Tapes 635","Santa Maria",AnnaLimaRibeiro@teleworm.us,Hosen1971,yaim2EeZ,6/24/1971
male,"Travessa da Fontinha 1762","Rio de Janeiro",VitorBarbosaRodrigues@dayrep.com,Looke1950,eiCeic8ae,9/4/1950
female,"Rua Uberaba 1604",Varginha,AlineCastroPereira@fleckens.hu,Waft1939,OnuP8ohg3poo,1/29/1939
male,"Travessa Gertrudes 431",Nilópolis,DiegoAlmeidaLima@cuvox.de,Ougur1977,Hai7mah8oo,3/31/1977
female,"Rua dos Caraíbas 1455",Divinópolis,MarinaRochaAraujo@rhyta.com,Sawite46,Ahseifie8,6/24/1946
male,"Rua Itatiba 408","Feira de Santana",MateusAlmeidaSouza@cuvox.de,Teramagne94,cohChie6wae,1/29/1994
female,"Viela Paula Cândido 532",Guarulhos,BrendaAlmeidaMartins@einrot.com,Fietund,eeng8Oongoh,12/11/1945
female,"Rua Félix Pacheco 635","São Lourenço da Mata",LuizaCardosoAraujo@fleckens.hu,Pokentedidly,Nai9pu0xu9,4/10/1977
female,"Rua Sergipe 81",Catanduva,SarahSousaLima@armyspy.com,Purpoer,ooK1aeP8io7,3/27/1975
male,"Rua Juripiranga 768","Rio de Janeiro",MuriloPereiraPinto@gustr.com,Frarte,ail9jaeg9O,5/27/1944
female,"Rua Cândido Sobral 1284","São Gonçalo",RafaelaSantosGomes@dayrep.com,Prom1997,Maeng6qua,5/6/1997
male,"Rua Aratimbó 1204","Mogi das Cruzes",GabrielBarbosaBarros@fleckens.hu,Curpose,uujei3eiVai,12/20/1953
female,"Quadra Quadra QR 518 Conjunto J 1102","Santa Maria",ManuelaSouzaPereira@superrito.com,Smand1958,dohnu0zeeSu,1/1/1958
male,"Rua Amanary 259","Vila Velha",DaniloLimaAraujo@superrito.com,Ofted1969,ieCeesh3Pua,2/17/1969
male,"Praça José da Silva Lara 813","Pará de Minas",FelipeSantosCunha@dayrep.com,Hisamoss,Uh7ecial,12/28/1945
male,"Rua Genésio Resende 1078",Osasco,KauaAzevedoSousa@dayrep.com,Faverry,pahT2heevoo,7/26/1988
male,"Rua Verde 44","São Paulo",RyanSilvaGomes@gustr.com,Eaunded,ieYieph5Ei,6/23/1986
male,"Rua Olinda Ellis 447","Rio de Janeiro",MartimBarbosaGoncalves@dayrep.com,Dairriortand,GeDe1niele,11/20/2000
female,"Travessa do Canavial 1886","São Luís",EvelynAlvesMelo@teleworm.us,Stletter,iepaeRaeN8ai,9/18/1950
male,"Rua Armando Fraguas Nogueira 1155",Petrópolis,AndreAlmeidaBarbosa@armyspy.com,Eventer,uh0qua6aeQu,5/21/1950
female,"Rua Guapuruvu 1528","Mogi das Cruzes",JuliaSousaGomes@gustr.com,Winfievanded,Iph0yi7eedo5,1/11/1951
female,"Rua Imperatriz Tereza Cristina 1505","Foz do Iguaçu",SophiaSouzaRibeiro@teleworm.us,Weng2003,karoh8ib3Oo,1/18/2003
female,"Rua Moreira Lacerda 1370","São Gonçalo",LuizaCardosoDias@dayrep.com,Buthe2001,Umo3haiz,5/22/2001
male,"Avenida Francisco Samuel Lucchesi 390","Bragança Paulista",JulianAlmeidaPinto@teleworm.us,Tiervil,uN2thuTah,10/16/1994
male,"Travessa Lindolfo Montenegro 1080","Campina Grande",PedroBarbosaCastro@dayrep.com,Whatelto,oPhaok4c,6/23/1943
female,"Rua Quatorze 965",Contagem,LuizaSouzaAraujo@fleckens.hu,Hignat1958,Wi2johgh2Va,2/15/1958
male,"Avenida Senhor do Bonfim 1558",Natal,ArthurSousaGomes@teleworm.us,Liffiller,ahGohfieg4z,9/17/1947
male,"Rua Frederico Pinheiro 1812",Petrópolis,AntonioCarvalhoAlmeida@jourrapide.com,Prodins,Iethoh2thoh,2/18/2000
male,"Rua Miguel Pereira 632","Volta Redonda",GuilhermeMeloAzevedo@rhyta.com,Rabliand1941,Iemaih4t,2/10/1941
female,"Travessa Padre José 1944",Fortaleza,LiviaSantosAlmeida@armyspy.com,Restargem1968,IeF4aec5f,4/22/1968
male,"Rua Catarina Maria de Jesus 53",Votorantim,GustavoSantosBarros@teleworm.us,Cumfornot1996,ahQuie2eij,7/24/1996
male,"Rua Tibério 189","Franco da Rocha",DiegoMartinsFernandes@armyspy.com,Havemprought,bo3aij5Wah,10/26/1991
female,"Rua Bicuíba 100",Cariacica,SofiaFerreiraAzevedo@einrot.com,Commot,uQu4Zuko,11/17/1992
female,"Rua Maria Aparecida Clagnan 950",Sertãozinho,EvelynCavalcantiSousa@jourrapide.com,Saidernot,coCheoNg1ai,4/29/1971
female,"Rua Getúlio Reimer 505",Joinville,VitoriaAraujoSilva@einrot.com,Subte2000,aiM1edia,7/8/2000
male,"Praça Simão Antônio Marques 1321",Barretos,ViniciusAzevedoRibeiro@teleworm.us,Loqued,oom6Iegheib,5/31/1944
female,"Rua Boa Vista 1434",Catanduva,VitoriaSousaSilva@gustr.com,Theireses,oiTi9sheiroo,2/4/2000
male,"Rua Major Eduardo Nogueira de Oliveira 1609","Barra do Piraí",BrunoSantosGoncalves@cuvox.de,Pinge1976,phohG8ine4,6/3/1976
male,"Rua C 1022","Rio de Janeiro",KauaCavalcantiSouza@rhyta.com,Thathrove,eye3po3nieK5,7/8/1947
male,"Rua Monsenhor Carlos Costa 326",Aracaju,KaiPereiraRibeiro@armyspy.com,Wops1956,osooph0Oo,4/13/1956
male,"Rua Irapuã 1644",Recife,MiguelGomesRocha@jourrapide.com,Threpar41,Uung5chi,12/8/1941
female,"Vila Gilberto Salgado 1259",Fortaleza,LarissaPintoGomes@cuvox.de,Hory1944,uy0noiJ1ei,7/15/1944
male,"Avenida Visconde de Jequitinhonha 254","Duque de Caxias",FelipeAzevedoRocha@superrito.com,Clowed,esh8iu5aiCh,4/10/1938
